category, value
5 Generative AI Use Cases,393
AI Automation,435
AI-Powered Employee Retention,333
Automation and Democratization,280
Become A Domo Top Chef,102
Community Bar,43
Using AI and Chatbots,398
Data on the Right Trajectory,337
Domo Deep Dive: The Future of Data & Domo,438
Unlocking Your Domo Experience,413
"Automate Busy Work, Unlock Productivity",364
Speeding Up Report Deployment with Domo Everywhere,410
How Domo Transforms Careers,293
Empowering Customer Interactions with Intelligent AI Solutions,179
From Data to $$$: Creating Business Value,376
Leveraging AI to Turn Insights into Strategic Decisions,431
From Rookie to All-Star,502
How Ideation Transforms Operations,411
Transforming Process with Automation,447
Empowering Decision-Making with Custom Apps,357
Integration and Adoption with Domo,279
It's a Benefits Revolution!,246
PlayStation + Domo Unifying Data Experiences,359
Unifying Data and Workflows with Push-Button Apps,332
How Turo Transformed its Business Insights,320
Streamlining Data to Solve Business Challenges,320
TaylorMade + Domo: Unifying Data from Retail to AI,320
Using Data to Learn and Leverage Truth,320
